,coef,t,p
const,0.04002356287432507,0.5270602411544288,0.598348202747957
belief_modeling,4.939036169559243,109.14808373773762,0.0
perspective_taking,4.997637036798328,114.03724696188972,0.0
consistency,5.02795655369304,172.8324471189039,0.0
explanation_quality,4.9896278600913355,92.85100584491306,0.0
