,belief_modeling,perspective_taking,consistency,explanation_quality,overall
count,600.0,600.0,600.0,600.0,600.0
mean,1.8483333333333334,2.078333333333333,2.183333333333333,1.62,38.61666666666667
std,0.8265202852069956,0.8544475935005926,0.965025567605565,0.6106456803347742,12.79750036458389
min,0.0,0.0,0.0,0.0,5.0
25%,1.0,1.0,1.0,1.0,30.0
50%,2.0,2.0,2.0,2.0,35.0
75%,2.0,3.0,3.0,2.0,45.0
max,4.0,4.0,5.0,4.0,80.0
